SNo,Area,Area (Goal undefined),Population living below National Poverty line (%) (Goal 1),Households with any usual member covered by any health scheme or health insurance (%) (Goal 1),Persons provided employment as a percentage of persons who demanded employment under MGNREGA (%) (Goal 1),Proportion of the population (out of total eligible population) receiving social protection benefits under Maternity Benefit (%) (Goal 1),Households living in kutcha houses (rural + urban) (%) (Goal 1),Ratio of rural households covered under public distribution system to rural households where monthly income of highest earning member is less than Rs.5000 (Goal 2),Children under age 5 years who are stunted (%) (Goal 2),Pregnant women aged 15-49 yrs who are anaemic (11.0g/dl) (%) (Goal 2),Children aged 6-59 months who are anaemic (Hb<11.0 g/dl) (%) (Goal 2),Children aged 0-4 years who are underweight (%) (Goal 2),Rice wheat and coarse cereals produced annually per unit area (Kg/Ha) (Goal 2),Gross Value Added in Agriculture per worker (Goal 2),Maternal Mortality Ratio (Goal 3),Proportion of institutional deliveries (%) (Goal 3),Under-five mortality rate per 1000 live births (Goal 3),Fully immunised children in the age group 0-5 years (%) (Goal 3),Total case notification rate of Tuberculosis per 1 lakh population (Goal 3),HIV Incidence per 1000 uninfected population (Goal 3),Currently married women aged 15-49 years who use any modern method of family planning (%) (Goal 3),Total physicians nurses and midwives per 10000 population (Goal 3),Adjusted Net Enrolment Ratio at Elementary (Class 1-8) and Secondary (Class 9-10) education (%) (Goal 4),Children in the age group of 6-13 who are out of school (%) (Goal 4),Average Annual Drop-out rate at secondary level (%) (Goal 4),Percentage of students in grade III V VIII and X achieving at least a minimum proficiency level in terms of nationally defined learning outcomes to be attained by pupils at the end of each of above grades (Goal 4),Gross Enrolment Ratio in Higher education (18-23 years) (%) (Goal 4),Gender Parity Index for Higher education (18-23 years) (Goal 4),Disabled children (5-19 Years) attending educational institution (%) (Goal 4),Proportion of trained teacher by education level (elementary secondary) (%) (Goal 4),Percentage of schools with Pupil Teacher ratio less than/equal to 30 (%) (Goal 4),Sex Ratio at Birth (female per 1000 male) (Goal 5),Female to male ratio of average wage/salary earnings received during the preceding calendar month among regular wage salaried employees (rural+urban) (Goal 5),Rate of crimes against women per 100000 female population (Goal 5),Married women aged 15-49 who have ever experienced spousal violence (%) (Goal 5),Proportion of sexual crime against girl children to total crime against children during the calendar year (%) (Goal 5),Seats won by women in the general elections to state legislative assembly (%) (Goal 5),Female labour force participation rate (LFPR) (%) (Goal 5),Operational land holdings - gender wise (%) (Goal 5),Households having improved source of drinking water (%) (Goal 6),Rural households with individual household toilets (%) (Goal 6),Urban households with individual household toilet (%) (Goal 6),Districts verified to be Open Defecation Free (%) (Goal 6),Proportion of schools with separate toilet facility for girls (%) (Goal 6),Percentage of industries (17 category of highly polluting industries/ grossly polluting/ red category of industries complying with waste water treatment as per CPCB norms (Goal 6),Blocks over-exploited (%) (Goal 6),Households electrified (%) (Goal 7),Households using clean cooking fuel (LPG) (%) (Goal 7),Annual growth rate of Net Domestic Product (NDP) per capita (Goal 8),Ease of doing business score (EODB) (Goal 8),Unemployment rate (%) (Goal 8),Labour Force Participation Rate (%) (Goal 8),Number of banking outlets per 100000 population (Goal 8),Households with a bank account (%) (Goal 8),Proportion of women account holders under PMJDY (Goal 8),Targeted habitations connected by all-weather roads under Pradhan Mantri Gram Sadak Yojana (%) (Goal 9),Manufacturing employment as a proportion of total employment (%) (Goal 9),Number of mobile connections per 100 persons in rural and urban area (Mobile Tele density) (Goal 9),Number of Internet Subscribers per 100 population (Goal 9),Growth rates of household expenditure per capita among the bottom 40 per cent of the population in rural India (%) (Goal 10),Growth rates of household expenditure per capita among the bottom 40 per cent of the population in urban India (%) (Goal 10),Gini Coefficient of Household Expenditure in Rural India (Goal 10),Gini Coefficient of Household Expenditure in Urban India (Goal 10),Proportion of seats held by women in Panchayati Raj Institutions (%) (Goal 10),Proportion of SC/ST persons in state legislative assemblies (%) (Goal 10),Ratio of transgender labour force participation rate to male labour force participation rate (Goal 10),Scheduled Caste Sub Plan fund utilised (%) (Goal 10),Tribal Sub Plan fund utilised (%) (Goal 10),Houses completed under PMAY as a percentage of net demand assessment for houses (Goal 11),Urban households living in slums (%) (Goal 11),Wards with 100% door to door waste collection (%) (Goal 11),Waste processed (%) (Goal 11),Installed sewage treatment capacity as a proportion of sewage generated in urban areas (Goal 11),Groundwater withdrawal against availability (%) (Goal 12),Percentage use of nitrogen fertilizer out of total NPK (Nitrogen Phosphorous Potassium) (Goal 12),Per capita hazard waste generated (Goal 12),Ratio of processed quantity of hazard waste sent to recycle to hazard waste generated (Goal 12),Municipal Solid Waste (MSW) treated against MSW generated (%) (Goal 12),Installed Capacity of Grid Interactive Bio Power per 100000 population (Goal 12),Wards with 100% source segregation (%) (Goal 12),Number of human lives lost per 10000000 population due to extreme weather events (Goal 13),Renewable share of installed generating capacity (%) (Goal 13),Co2 saved from LED bulbs per 1000 population (Goal 13),Installed capacity of solar power as proportion of installed grid interactive renewable power (%) (Goal 13),Percentage increase in use of nitrogen fertilizers in the coastal states (Goal 14),Coastal Water Quality Index (Goal 14),Percentage increase in area under mangroves (Goal 14),Average marine acidity (pH) measured at representative sampling stations in the shore zone (Goal 14),Percentage of available potential area developed under coastal aquaculture (Goal 14),Total land area covered under forest (%) (Goal 15),Tree cover as a proportion of geographical area (%) (Goal 15),Combined Indicator (15.1+15.2) (Goal 15),Decadal change in extent of water bodies within forests from 2005 to 2015 (%) (Goal 15),Percentage increase in area of desertification (Goal 15),Number of wildlife crime cases detected and reported anually (Goal 15),Reported murders per 1 lakh population (Goal 16),Proportion of population subjected to physical psychological or sexual violence in the previous 12 months (Goal 16),Reported cognizable crimes against children per 1 lakh population (Goal 16),Number of victims of human trafficking per 100000 population by sex age and form of exploitation (Goal 16),Estimated number of courts per 10 Lakh persons (Goal 16),Cases Reported under Prevention of Corruption Act & Related Sections of IPC per 100000 population (Goal 16),Births registered (%) (Goal 16),Population covered under Aadhaar (%) (Goal 16)
1,"Target","Target",10.95,100,100,100,0,1.29,2.5,25.15,14,0.9,5033.34,1.36,70,100,25,100,0,0,100,45,100,0,10,100,50,1,100,100,100,954,1,0,0,0,50,100,50,100,100,100,100,100,100,0,100,100,7.5,100,0,100,28.1,100,0.5,100,20,100,100,15.59,11.27,0,0,50,"-",1,100,100,100,0,100,100,1,70,57,0,1,100,2.11,100,0,40,165.29,57,"-","-","-","-","-","-","-",33,0,0,0,1.1,0,0,0,33.76,0.16,100,100
2,"India","India",21.92,28.7,85.26,36.4,4.2,1.01,34.7,50.3,40.5,33.4,2516.67,0.68,122,54.7,50,59.2,160,0.07,47.8,38,75.83,2.97,19.89,71.03,26.3,1,61.18,78.84,70.43,896,0.78,57.9,33.3,59.97,8.32,17.5,13.96,95.5,100,97.22,88.41,97.43,87.62,18.01,99.99,61.4,5.66,67.23,6,49.8,12.48,99.99,0.53,69.89,12.13,88.41,48.48,13.61,13.35,0.283,0.363,46.14,28.33,0.64,77.67,82.98,31.01,5.41,90.99,56,0.38,63.33,64.49,0.0057,0.04,20.75,0.75795,67.76,16,35.22,28.74,24.3,0.35,"-",3.82,"-",11,21.54,2.85,24.39,18.24,1.98,239,2.22,33.12,28.9,0.46,12.83,0.32,86,88.8
3,"Andaman & Nicobar Islands","Andaman & Nicobar Islands",1,5.7,84.82,1.4,0,0.49,"-",61.4,"-","-","-",2.98,"-",56.5,13,63.2,144,0.15,48,"-",77.49,2.12,7.36,69.1,23.2,1.29,66.64,21.05,99.51,"-",0.92,47.7,19.6,100.78,"-",25.4,0.00275,98.1,100,87.5,100,100,55.77,0,"-",81.8,10.63,1.25,15.8,57.9,12.59,100,0.49,0,6.13,"-","-",8.96,25.25,"-","-","-","-","-","-",155.4,3.27,3.72,100,65,0,2.74,36.88,"-","-",7.14,"-",75,"-",30.34,71.56,69.9,"-","-","-","-","-",81.73,0.42,82.15,-15.14,"-",2,1.58,20,87.5,0,28.05,1.23,75.55,90.83
4,"Andhra Pradesh","Andhra Pradesh",9.2,74.6,91.28,17.4,3.2,0.77,31.5,52.9,39.6,35.5,3917.5,0.59,74,66.9,41,73.6,176,0.13,69.4,92,63.5,0.91,15.71,76.51,32.4,0.81,61.55,49.57,85.99,916,0.68,68.9,45.2,63.08,8,34.4,1.7632,97.4,100,129.1,100,99.8,95.14,6.72,100,81.3,10.07,98.3,4.5,59.9,13.64,100,0.57,73,9.73,95.76,54.53,27.32,16.3,0.245,0.301,50,20.57,0.99,57.08,60.42,24.89,12.04,100,48,0.09,44.15,58.26,0.0053,0.0527,7.76,0.92317,90.94,6,39.74,42.77,33.99,-7.43,49,10.08,8.1,28.3,17.27,2.3,19.57,50.64,1.37,10,2.02,15.9,15.3,0.65,31.4,0.38,95.67,90.78
5,"Arunachal Pradesh","Arunachal Pradesh",34.67,58.3,93.39,20.5,29,0.92,28,33.8,28.3,16,"-",1.32,"-",45.3,33,41.3,216,0.05,26.6,24,79.02,2.92,29.93,58.79,29.7,0.99,61.92,97.98,88.87,"-",0.72,53.4,34.8,55.49,3.33,10.7,0.00962,98.8,100,79.52,100,96.08,80.38,0,100,64.7,5.08,0,5.8,45,12.63,100,0.55,140,1.53,7.42,25.88,-8.63,-0.81,0.346,0.365,33.07,98.33,1.39,"-","-",26.16,1.12,100,0,0,0.28,0,"-","-",0,"-",14.67,362,75.12,38.81,2.22,"-","-","-","-","-",79.96,0.96,80.92,-33.51,12.62,2,5.94,48.05,29.5,0,"-",0.83,192.55,78.86
6,"Assam","Assam",31.98,10.4,87.3,66.1,2.4,1.09,32.4,44.8,33.7,29.4,1663,0.58,229,53,57,46.1,126,0.04,37,23,80.65,2.88,27.6,76.74,18.7,0.95,51.14,18.52,75.33,915,0.74,143.6,26.6,43.04,6.35,9.8,0.03162,91.4,100,100.21,84.85,83.38,90.01,0,100,59.2,6.24,84.75,7.9,47.5,8.93,99.96,0.59,58.92,6.65,69.44,34.38,5.3,8.77,0.221,0.326,50,19.05,0.6,80.72,88.48,18.92,0.63,62.21,41,0,11.25,66.46,0.0009,"-",0,"-",31.05,49,30.79,20.98,7.74,"-","-","-","-","-",35.83,1.91,37.74,22.48,25.23,28,3.47,78.58,41.6,0.95,8.13,0.08,103.89,14.57
7,"Bihar","Bihar",33.74,12.3,77.25,53.9,8.2,1.2,42,58.3,43.7,38.7,2748.33,0.26,165,42.5,58,48.1,87,0.08,23.2,19,77.04,4.95,39.73,72.53,13.6,0.79,58.46,24.53,21.75,900,0.82,28.8,45.2,47.82,11.52,2.8,1.57898,99.9,100,126.56,34.21,90.14,97.24,2.25,100,49.4,8.81,81.91,7,38.2,7,100,0.54,68.51,8.93,59.97,27.64,26.27,10.73,0.198,0.291,51.64,16.46,0.59,85.42,89.59,21.42,1.19,87.95,51,0.07,45.76,69.8,0.0001,0.0743,0,0.11296,24.87,49,8.67,19,33.1,"-","-","-","-","-",7.75,2.4,10.15,-15.38,5.35,"-",2.66,48.08,12,0.43,12.1,0.12,60.74,83.11
8,"Chandigarh","Chandigarh",21.81,21.3,"-",13.7,0,0.86,"-","-","-","-","-",2.78,"-",111.4,38,64.9,496,0.18,58.2,1,78.74,0.44,0,79.19,50.6,1.54,63.21,99.42,82,"-",0.81,59.8,22.5,25.67,"-",19.1,0,100,100,142.86,100,100,100,0,"-",88.9,10.32,11.54,9,51.5,23.37,100,0.44,"-",15.15,"-","-",-20.6,-19.97,"-","-","-","-","-",100,"-",2068.25,9.01,100,89,1.92,89,0,0.0016,0.2842,67.57,"-",92.31,"-",68.5,28.75,26.67,"-","-","-","-","-",18.91,8.77,27.68,2.76,"-",4,1.32,25.4,68.8,0,33.6,0.11,126.32,98.67
9,"Chhattisgarh","Chhattisgarh",39.93,68.5,79.91,66.2,2.1,0.93,35.4,41.5,40.8,40,1603,0.4,141,55.6,64,65.2,148,0.06,54.5,16,77.04,3.75,24.23,69.24,18.6,1.06,59.62,55.24,82.89,961,0.66,61.1,38.1,76.15,14.44,36.5,0.37532,95.2,100,108.35,100,99.46,78.4,0,99.67,40.6,3.93,97.31,3.3,64.5,10.86,99.98,0.55,60.13,4.4,"-","-",13.42,-14.94,0.234,0.364,55.14,43.33,0.81,71.32,87.36,24.39,7.43,100,84,0,44.43,57.76,0.0025,0.0527,8.86,0.86065,100,"-",5.45,41.89,30.53,"-","-","-","-","-",41.09,2.84,43.93,9.06,1.6,27,3.5,32.34,64.9,0.43,12.09,0.1,128.92,92.81
10,"Dadra and Nagar Haveli","Dadra and Nagar Haveli",39.31,30.8,"-",2.6,0.1,1.22,"-",67.9,"-","-","-","-","-",62.3,42,62,192,0.14,37.9,"-",76.79,1.49,27.96,74.45,9.3,1.7,59.85,47.96,88.16,"-",0.75,9.9,36.3,75,"-",26.4,0.00206,99.6,100,67.8,100,100,86.84,0,"-",86.6,"-",21.88,0.4,66.6,15.58,100,0.42,"-",57.36,"-","-",-4.83,14.7,"-","-",34.56,"-","-","-","-",40.87,"-",100,25,0,31.34,58.98,"-","-",0,"-",100,"-",1.92,37.3,100,"-","-","-","-","-",42.16,6.11,48.27,0.58,"-","-",0.68,12.05,24.4,0,7.32,0,86.23,96.26
11,"Daman and Diu","Daman and Diu",9.86,17,"-",19.3,0.1,0.58,"-","-","-","-","-","-","-",37.8,34,45.3,159,0.13,31.6,"-",67.05,1.28,19.52,66.26,5.5,2.34,44.55,15.88,79.17,"-",0.56,23,28.8,52,"-",19.9,0.00137,100,100,175.45,100,100,86.84,0,"-",87,"-",28.69,3.1,65.2,13.37,100,0.31,"-",61.3,"-","-",31.97,22.8,"-","-",28.87,"-","-",100,126.92,42.63,"-",100,75,0,61.4,87.52,"-","-",0,"-",100,"-",7.49,40.11,100,"-","-","-","-","-",18.46,9.01,27.47,30.29,"-","-",1.71,13.71,26.4,0.86,28.41,0,49.85,93.62
12,"Delhi","Delhi",9.91,15.7,"-",7.9,0.8,1.29,28.8,45.1,47,28.1,"-",2.35,"-",63.9,42,47.8,505,0.16,48.6,44,92.95,3.15,10.75,68.49,46.3,1.16,58.12,70.3,46.43,850,0.7,133.3,29.6,36.52,8.57,11.2,0.00206,99.8,100,0.77,"-",100,84.34,81.48,100,94.3,6.24,31.69,9.4,47.1,17.13,100,0.47,"-",23.69,225.5,138.06,22.1,4.83,"-",0.349,"-",17.14,0.67,91.14,"-",267.03,10.63,86.39,55,0.65,119.61,95.95,0.0002,"-",38.71,0.22449,20.07,"-",12.89,59.52,14.57,"-","-","-","-","-",12.97,7.62,20.59,14.59,22.25,1,2.2,60.58,140.2,2.22,19.71,0.04,113.82,116.27
13,"Goa","Goa",5.09,15.9,87.23,7.4,0.4,1.06,19.6,26.7,22.1,20.3,"-",3.7,"-",61.9,13,59.7,164,0.13,24.8,25,90.46,0,16.01,70.81,30.1,1.33,73.35,49.66,90.29,"-",0.8,39.6,14.8,36.54,5,24.7,0.00962,99.8,100,47.49,0,100,95.82,0,100,93.5,9.86,57.34,13.9,49.8,34.72,100,0.45,0,18.03,"-","-",-9.25,-6.33,"-","-",32.97,2.5,"-",29.5,30.45,91.11,1.8,100,68,0.51,33.5,48.8,0.0125,0.011,40.44,"-",79.44,"-",0.84,42.29,98.96,-7.96,61.6,0,8.02,0.1,60.21,8.73,68.94,10.53,3.49,3,1.52,25.1,37.7,3.68,36.28,0.2,84.39,100.69
14,"Gujarat","Gujarat",16.63,23.1,82.99,8.9,2,1.09,39.1,51.3,38.2,34.2,2314.33,1.03,87,66,44,59.6,228,0.07,43.1,43,74.97,1.94,24.08,74.78,20.4,0.85,62.62,50.57,70.47,855,0.72,27,23,80.83,7.14,15.4,0.60286,99.1,100,138.2,100,99.95,78.91,11.21,100,66.7,9.76,97.99,4.8,49.8,14.61,100,0.48,100,20.04,104.31,54.51,16.56,23.83,0.248,0.284,32.9,21.98,0.39,82.75,89.04,58.23,2.78,100.85,79,0.74,63.89,71.27,0.0448,0.0294,24.48,0.11912,71.41,36,31.69,66.1,25.23,-5.78,43,2.98,7.93,1.2,7.52,4.09,11.61,19.43,1.83,17,1.52,16.48,19.1,0.03,17.84,0.23,98.76,95
15,"Haryana","Haryana",11.16,12.2,79.04,13.5,0.2,0.93,34.9,55,48.3,28.8,3222.33,1.74,98,62,41,72.1,230,0.09,59.4,26,74.91,1.05,12.16,68.88,29.2,1.23,64.1,95.73,75.02,833,1.03,88.7,34.3,56.7,14.44,10.7,0.16498,99.9,100,59.23,100,99.52,97.22,65.55,100,69.3,6.38,98.06,8.4,45.5,18.37,100,0.47,0,19.5,96.26,140.2,25.63,23.15,0.261,0.41,36.5,18.89,0.67,63.49,"-",6.21,6.56,91.44,47,0.6,136.91,75.08,0.0021,0.1149,6.06,0.71831,50.27,"-",21.88,57.18,9.8,"-","-","-","-","-",3.59,3.2,6.79,-23.81,7.75,"-",3.74,46.57,44.9,0.08,24.44,0.29,99.86,102.79
16,"Himachal Pradesh","Himachal Pradesh",8.06,25.7,91.6,13.1,0.2,1.05,28.4,50.2,29.7,22.6,2300.5,0.61,"-",51.3,38,72,224,0.01,52,67,92.87,0.21,7.03,71.89,39.6,1.3,67.74,92.29,96.19,918,0.74,35.7,7,35.84,5.88,39.7,0.05087,98.1,100,41.74,100,99.97,97.67,50,100,51.9,5.43,87.9,5.5,62.4,23.09,100,0.47,55.33,6.18,144.17,205.12,8.94,34.41,0.282,0.29,50.11,29.41,1.23,94.07,97.91,30.67,0.89,97.79,76,1.04,86.37,61.18,0.0041,0.0006,45.29,0.09919,95.57,105,94.02,120.58,0.75,"-","-","-","-","-",27.12,1.48,28.6,13.18,11.81,11,1.38,21.84,24.4,0.21,24.94,0.4,89.24,101.5
17,"Jammu & Kashmir and Ladakh","Jammu & Kashmir and Ladakh",10.35,4.2,87.52,54,4.3,0.94,15.5,38.1,27.1,13,1567.5,0.84,"-",66.2,38,64.5,90,0.02,46,16,57.22,2.04,24.35,64.58,30.9,1.09,60.97,50,96.07,917,1,51.9,13.9,14.79,2.3,22.9,0.07424,90.9,100,48.53,95.45,96.86,96.09,0,100,68.1,5,32.76,5.4,53.9,14.62,99.71,0.49,42.5,7.41,88.68,40.4,7.27,11.82,0.235,0.301,33.56,8.05,0.25,"-","-",15.07,5.28,51.49,10,0.48,29.47,61.41,0.0001,0.0041,17.86,"-",10.3,6,73.41,65.47,0.76,"-","-","-","-","-",10.46,3.52,13.98,7.49,5.71,"-",1.21,30.1,8,0.01,9.52,0.67,77.65,76.62
18,"Jharkhand","Jharkhand",36.96,13.3,75.38,41.6,6.6,1.13,36.2,62.6,43.7,42.9,2057.33,0.31,76,63.8,54,58.4,127,0.07,37.4,4,67.99,2.02,36.64,75.43,19.1,0.96,59.74,47.61,50.01,916,0.5,35.6,34.8,72.64,10.39,10.9,0.20828,88,100,134.59,83.33,98.17,51.66,1.15,100,32.9,11.1,98.05,7.5,45.1,10.51,100,0.54,101.41,8.69,"-","-",6.71,17.19,0.206,0.312,59.18,45.68,0.86,55.68,60.21,35.48,1.13,97.75,56,0.09,27.73,76.89,0.0172,0.0161,1.82,0.01233,78.36,"-",13.19,40.82,16.09,"-","-","-","-","-",29.55,3.67,33.22,43.54,1.48,6,4.35,29.12,9.5,1.27,14.81,0.5,90.17,90.86
19,"Karnataka","Karnataka",20.91,28.1,85.53,19.9,2,1.1,32.5,45.4,34.7,32,1731,0.54,97,59.2,32,61.7,125,0.08,51.3,72,85.54,1.49,26.18,79.6,28.8,1.04,62.81,99.66,76.05,929,0.7,45.2,24.4,62.06,3.14,20.4,1.19746,95.4,100,93.36,93.33,97.4,93.26,25.57,100,81.4,8.9,96.42,4.8,51.6,19.67,99.97,0.55,0,12.29,105.52,10.32,29.18,6.8,0.259,0.403,53.4,22.77,0.59,90.2,105.35,26.27,5.39,88.51,41,0.35,69.87,53.82,0.0054,0.0486,34.49,2.8588,46.43,1,62.92,37.16,36.06,0.2,48,233.33,7.98,28.5,19.58,2.98,22.56,8.51,0.14,7,2.19,29.57,30.1,0.38,12.2,0.46,100.55,92.36
20,"Kerala","Kerala",7.05,47.7,89.33,20.4,0.3,0.74,20.5,22.6,12.5,18.7,"-",2.19,42,74,7,72.8,71,0.03,50.3,112,91.76,0.82,12.77,79.84,37,1.4,73.16,43.79,91.41,948,0.97,60.2,16.3,82.41,5.71,21.3,1.19746,56.7,100,47.52,100,99.31,97.32,0.66,100,58.9,5.5,44.82,11.4,46.5,18.95,100,0.57,100,11.31,121.32,111.16,15.11,16.28,0.363,0.414,51.85,11.43,0.99,107.45,100,42.26,0.6,85.46,32,0.06,51.27,43.56,0.0011,0.091,29.13,0.00199,95.53,36,44.79,44.47,6.19,5.04,53.8,0,7.88,12.8,52.3,7.62,59.92,23.51,2.45,16,0.85,37.05,38.1,0.23,12,0.4,97.09,101.78
21,"Lakshadweep","Lakshadweep",2.77,2.9,91.2,17.5,0,0.82,"-",36.5,"-","-","-","-","-",60.6,30,70.2,29,"-",15.7,"-",81.94,3.62,5.8,62.18,7.4,3.4,69.53,83.29,100,"-","-",14,8.9,200,"-",14.6,0.00275,75.9,100,"-",0,100,"-",0,"-",61.7,"-",0,21.3,43.7,16.67,100,0.54,"-",1.33,"-","-",43.92,7.1,"-","-","-","-","-","-","-","-","-","-","-",0,65.99,0,0,0,"-","-","-","-",100,250.45,100,"-","-","-","-","-",90.33,6.67,97,"-","-","-",0,10,22.2,0,"-",0,54.45,96.62
22,"Madhya Pradesh","Madhya Pradesh",31.65,17.7,78.06,61.1,4.5,0.96,39.5,54.6,53.5,38.7,2350.33,0.69,188,48.8,65,62.8,196,0.03,49.5,33,69.74,3.78,23.76,69.94,21.5,0.97,63.99,95.12,71.03,916,0.96,78.6,34.8,43.62,9.13,23.4,0.81733,91.5,100,127.49,100,96.69,96.06,7.03,100,48.3,4.55,97.3,4.3,56.7,10.03,100,0.51,68.57,6.1,69.52,22.88,12,8.38,0.267,0.362,50,35.65,0.56,89,92.17,41.23,7.83,100,84,0.15,54.76,64.19,0.0016,0.0316,"-",0.14889,93.58,"-",33.65,22.67,26.18,"-","-","-","-","-",25.11,2.62,27.73,20.16,0.86,7,2.41,35.24,63.3,0.23,7.57,0.37,74.62,88.52
23,"Maharashtra","Maharashtra",17.35,15,86.1,8.7,2,1.08,34.1,49.3,41.6,30.9,1682.67,0.68,55,66.5,29,58.6,171,0.05,62.5,43,80.92,0.81,11.28,73.11,32,0.9,70.3,71.33,75.32,881,0.81,55,23.1,59.67,6.94,24.1,1.4903,96.2,100,108.94,100,99.01,84.49,3.12,100,75.6,6.21,92.88,4.8,53.1,11.31,100,0.49,81.67,11.74,91.27,15.37,17.94,21.8,0.253,0.35,49.93,18.75,0.65,76.02,91.26,22.5,10.54,81.81,55,0.63,54.62,54.96,0.0032,0.0128,31.98,2.03392,74.91,11,29.04,18.55,13.08,-5.18,"-",36.94,8.05,1.7,16.47,3.19,19.66,38.71,3.58,14,1.72,32.8,44.7,0.55,20.22,0.76,93.98,92.4
24,"Manipur","Manipur",36.89,3.6,95.45,26.2,2.5,1.36,28.9,26,10,13,"-",0.39,"-",58.7,26,75.1,97,0.58,12.7,44,88.21,1.72,21.05,70.91,33.7,1.01,69.41,81.43,93.15,"-",0.75,18.1,54.7,44.19,3.33,17.7,0.00687,74.9,100,74.87,100,98.91,100,0,100,62.9,2.04,0.27,11.5,48.1,8.23,99.76,0.55,57.27,12.06,14.65,51.08,12.48,10.65,0.211,0.209,48.65,33.33,"-",102.92,93.05,7.48,"-",68.63,50,0,1.44,68.45,"-","-","-","-",39.22,"-",40.41,11.8,3.92,"-","-","-","-","-",77.69,0.99,78.68,81.25,1.49,1,2.4,31.71,11.3,1.03,6.94,0.04,"-",80.93
25,"Meghalaya","Meghalaya",11.87,34.6,97.85,28,2.3,1.04,40.4,53.1,32.9,30,"-",0.51,"-",47.5,40,52,139,0.06,21.9,28,68.39,2.9,28.07,59.09,25.8,1.17,56.47,98.26,86.87,"-",0.75,40.7,31,142.34,5,34.9,0.05499,90.9,100,22.27,100,84.05,93.71,0,100,34.7,6.99,0,1.6,63.2,13.08,100,0.6,21,1.77,15.68,54.66,10.15,31.17,0.19,0.226,"-",91.67,1.33,"-","-",22.35,1.94,23.68,4,0.01,2.28,0,0,0.0725,26.44,0.48252,23.68,"-",73.95,15.87,0.03,"-","-","-","-","-",76.45,2.93,79.38,35.24,3.35,1,3.1,25.44,37.8,0.11,5.57,0.04,"-",28.2
26,"Mizoram","Mizoram",20.4,45.8,99.92,47.5,6,1.06,27.4,24.5,24.4,11.3,"-",1.29,"-",70.7,46,73.4,210,1.32,35.2,54,79.6,0.6,30.67,71.71,25.7,0.94,57.22,97.92,94.23,"-",0.96,57.6,17.5,170.26,0,23.4,0.00756,96.3,100,18.08,100,99.15,80,0,100,74.3,6.59,3.66,10.1,51.6,19.25,99.92,0.2,0,4.19,6.01,20.94,1.24,9.55,0.24,0.233,"-",97.5,1.35,"-","-",4.79,7.16,80.49,35,0.11,3.82,75.7,0,0,0,"-",56.4,"-",65.51,59.05,1.05,"-","-","-","-","-",86.27,2.22,88.49,72.22,95.52,1,1.94,13.24,59.3,5.74,13.11,0.46,136.02,87.38
27,"Nagaland","Nagaland",18.88,6.1,95.08,29.7,0.7,1.14,26.2,28.9,8,16.3,"-",0.71,"-",40.6,37,12.8,208,0.59,21.2,1,56.24,0.9,31.28,61.28,18.7,1.11,50.82,50,95.91,"-",0.8,6.9,16.6,88.12,0,13.1,0.01306,84.5,100,65.77,36.36,97.81,86.96,0,100,59.9,2.1,14.16,21.4,41.8,7.74,99.92,0.53,18.18,5.68,13.45,46.9,15.81,3.5,0.192,0.232,"-",98.33,0.44,"-","-",13.37,4.16,44.44,14,0,0.99,47.35,0,1,"-","-",8.12,91,52.34,47.11,1.12,"-","-","-","-","-",75.33,2.29,77.62,59.27,22.48,1,1.49,9,13.9,0,"-",0.5,218.21,56.17
28,"Odisha","Odisha",32.59,47.7,85.8,72.6,14.2,0.93,29.1,47.6,37.2,29.2,1820,0.45,168,57.8,48,66.8,111,0.06,45.4,41,82.24,6.1,28.87,70.93,22.1,0.82,58.35,68.95,80.7,938,0.63,94.5,36.4,58.47,8.84,15,0.13611,91.2,100,45.42,100,98.24,91.71,0,100,32.6,5.47,92.08,7.1,48.3,11.97,99.85,0.53,83.75,7.42,74.36,122.98,9.87,4.23,0.232,0.359,49.31,38.78,0.74,87.86,90.74,38.11,3.72,90.91,25,0.34,42.18,61.18,0.014,0.007,1.17,0.13629,41.16,2,30.12,124.84,14.87,9.1,59,5.19,8.12,28.5,32.98,2.56,35.54,18.27,-0.33,8,2.95,46.33,22.7,0.7,11.51,1.15,97.53,92.36
29,"Puducherry","Puducherry",9.69,32.8,84.45,21.4,2.2,0.86,"-",26,"-","-","-",1.02,"-",151.2,16,34.1,243,0.11,61.2,"-",79.52,0.18,12.65,68.7,46.4,1.24,66.29,11.94,95.17,"-",0.81,19.3,40.3,143.16,13.33,14,0.0055,99.4,100,59.02,100,100,87.66,25,100,96.5,7.28,15.65,10.3,42.2,14.56,100,0.56,"-",17.42,"-","-",12.55,14.62,"-","-","-",16.67,"-",88.28,"-",21.96,11.58,100,90,0.5,74.33,72.48,"-",0.1088,0,"-",31.97,"-",0.86,34.31,100,"-","-","-","-","-",10.95,5.51,16.46,"-","-","-",1.42,11.65,16.3,0.11,"-",0.11,170.72,92.04
30,"Punjab","Punjab",8.26,21.2,76.12,19.1,0.5,0.95,24.3,42,39.8,19.7,4169.67,2.4,122,62.6,33,61.8,182,0.07,66.3,56,78.56,2.28,8.6,63.94,29.5,1.35,60.22,99.14,86.01,886,0.96,34.1,21.2,57.74,5.13,12.3,0.01169,99.9,100,75.13,90.91,99.77,76.03,78.99,100,84.8,4.71,54.36,7.7,46.5,22.97,100,0.49,0,18.88,122.79,84.1,23.13,19.52,0.277,0.31,34.58,29.06,0.2,72.46,"-",28.12,5.26,97.45,53,0.75,165.77,76.8,0.004,0.1245,0.08,1.09766,79.15,1,38.87,4.95,18.01,"-","-","-","-","-",3.65,3.22,6.87,23.33,55.35,17,2.24,18.8,24.3,0.03,24.13,0.57,106.59,100.84
31,"Rajasthan","Rajasthan",14.71,18.7,83.16,56.1,2.8,0.94,36.8,46.6,32.4,31.5,1437.67,0.77,186,55.3,51,57.3,207,0.04,53.5,50,72.49,5.02,15.19,81.25,23,1,56.04,31.63,74.35,856,0.89,73.3,26.4,51.45,12,19.3,0.53274,92.6,100,93.02,100,99.2,76.06,74.6,100,48.1,4.75,95.7,5,50.7,10.28,99.99,0.58,27.5,9.06,85.16,8.82,12.51,24.78,0.248,0.32,58.29,29.5,0.36,95.87,92.61,34.97,3.02,99.81,68,0.32,139.88,73.68,0.0099,0.0271,9.73,0.15997,79.42,"-",44.93,22.62,39.92,"-","-","-","-","-",4.84,2.42,7.26,9.66,-0.46,1,1.98,21.99,18.2,1.21,17.68,0.54,101.44,85.77
32,"Sikkim","Sikkim",8.19,30.3,93.07,29.4,0.6,1.04,21.8,23.6,33,11,"-",0.79,"-",49.3,32,65.1,221,0.03,45.9,24,45.47,0.58,24.15,65.38,53.9,1,66.52,26.95,99.03,"-",0.92,53.1,3.5,99.19,9.38,34.2,0.00275,100,100,67.17,100,97.32,50,0,100,96.3,6,0.14,3.5,60.9,24.14,100,0.52,74.29,6.91,3.66,12.75,14.97,4.36,0.197,"-",49.95,43.75,0.07,"-","-",44.61,5.14,100,70,1.33,0.06,0,0.0012,0,0.61,"-",94.34,"-",90.64,25.87,0.01,"-","-","-","-","-",47.13,0.49,47.62,20,0.34,"-",1.97,26.82,93.6,0.76,25.25,0,66.2,84.92
33,"Tamil Nadu","Tamil Nadu",11.28,64,94.07,29.5,2.4,0.8,19.7,44.4,27.3,23.5,2598,0.7,63,64.2,27,57.5,132,0.05,52.6,71,92.86,0.66,10.03,71.44,49,0.97,62.93,32.66,82.89,907,0.72,15.5,44.6,74.57,9.33,27.2,1.07236,99.8,100,85.73,100,99.89,99.1,40.56,100,86.7,6.55,90.68,7.5,55.1,17.72,100,0.58,0,19.45,113.78,21.88,18.3,14.27,0.277,0.326,33.48,19.66,0.74,99.38,89.84,38.41,8.04,94,60,0.32,80.94,56.55,0.0055,0.1693,11.08,1.4272,83,"-",49.05,5.97,19.82,7.77,57.58,4.26,8.17,14.1,20.21,3.59,23.8,61.59,1.8,1,2.23,14.83,17.5,0.28,9.53,0.37,101.88,92.96
34,"Telangana","Telangana","-",66.4,84.4,12.2,1.5,0.81,29.3,49.8,37.8,30.8,2547.33,"-",76,71.8,32,70.1,142,0.26,56.9,11,82.54,"-",22.49,72.24,36.2,1.02,"-",46.95,77.81,897,0.59,94.7,46,90.32,5.04,26.1,0.94037,99.1,100,75.94,66.67,98.53,87.03,15.8,100,90.7,8.89,98.28,7.6,53.9,25.47,100,0.56,63,12.29,"-","-",27.32,16.3,"-","-",45.14,26.05,1.06,"-","-",38.64,"-",95.64,78,0.41,65.45,67.51,0.0078,0.1724,47.9,0.49153,47.73,"-",40.98,6.34,55.73,"-","-","-","-","-",18.22,2.38,20.6,40.99,-1.63,3,2.17,20.56,32.1,1.18,8.31,0.15,97.34,100.16
35,"Tripura","Tripura",14.05,58.1,95.68,32.6,2.6,0.94,31.9,54.4,33,23.8,"-",1.2,"-",64.3,33,39.6,66,0.05,42.8,22,94.72,0.79,29.76,68.9,19.2,0.83,62.11,82.19,95.08,"-",0.76,51.2,29.7,112.59,5,10.1,0.04881,87.8,100,30.73,25,99.88,80,0,100,41.3,13.34,22.45,6.8,45.1,14.55,100,0.55,68.89,6.96,21.63,75.41,-6.31,-0.61,0.219,0.297,35.93,50,"-","-",77.64,46.03,3.8,27.1,40,0,7.88,54.24,0.0001,0.8832,60.34,"-",66.13,44,12.41,27.62,10.02,"-","-","-","-","-",73.68,2.05,75.73,46.75,33.55,"-",3.2,40.95,22.3,0.49,20.3,0.03,82.37,88.58
36,"Uttar Pradesh","Uttar Pradesh",29.43,6.1,84.23,48.7,6.4,1.11,38.8,51,43,36.8,2430.33,0.53,216,41.3,78,54.6,187,0.03,31.7,13,68.71,3.9,12.71,54.94,25.8,1.14,59.19,50,55.96,878,1.25,53.2,38.3,72.06,10.55,9.4,1.25383,99.2,100,107.46,89.33,99.72,91.65,11.1,100,50.2,5.43,92.89,6.2,44.6,9.02,100,0.52,125,11.38,68.54,38.61,6.37,8.12,0.247,0.312,41.36,21.34,0.42,52.11,45.04,25.34,3.12,90.74,58,0.37,70.18,67.82,0.0009,0.2023,27.1,0.92724,60.52,5,25.25,11.97,15.95,"-","-","-","-","-",6.09,3.09,9.18,-16.56,-16.69,30,1.94,28.95,21.6,0.03,9.71,0.03,60.74,86.41
37,"Uttarakhand","Uttarakhand",11.26,19.5,90.37,49.4,1.8,1.03,29.9,46.5,32.4,18.7,2142,0.69,89,52.5,47,70.5,198,0.07,49.3,15,77.2,5.07,9.09,75.55,39.1,1,61.91,87.48,87.94,841,0.78,36.8,14.4,57.96,7.14,13.7,0.07218,97.2,100,90.27,100,96.82,83.94,0,100,69.9,6.45,94.24,7.6,43.9,20.35,100,0.51,67.33,9.4,"-","-",16.56,14.35,0.249,0.391,57.83,21.43,0.65,40.19,69.49,30.76,4.84,95.14,42,0.31,56.83,80.98,0.0023,0.0882,0,1.18529,44.7,53,70.98,51.45,12.72,"-","-","-","-","-",45.43,1.43,46.86,14.52,11.53,16,1.68,25.37,21.5,0.36,19.63,0.12,127.61,98.68
38,"West Bengal","West Bengal",19.98,33.4,88.37,28.7,6,0.9,25.3,53.6,45.7,30.9,3279.67,0.86,94,65.3,32,66.2,106,0.09,57,27,72.28,2.45,26.93,60.73,19.3,0.94,57.15,91.12,74.64,939,0.57,67.3,35,59.04,13.93,16.4,0.1581,98.2,100,81.68,63.64,98.4,73.16,0,100,42.8,8.05,94.59,4.6,50.1,9.77,100,0.52,61.11,17.8,70.88,56.24,13.2,12.05,0.239,0.372,49.88,28.57,0.48,100,100,40.64,7.03,78.69,9,0.09,44.6,51.9,0.0009,0.1493,8.96,0.33368,9.39,21,17.74,10.13,5.08,15.89,65,0.38,8.09,12.8,18.98,2.41,21.39,26.83,3.08,4,2.12,51.38,22.3,0.41,7.25,0.02,97.94,92.83
